name_article,date_publication,text_article,count_commentaries
650 аптек в РК продавали лекарства по завышенным ценам,2020-07-31 16:24:00,"По итогам проверок к административной ответственности привлечено 694 лица, из незаконного оборота предварительно изъято более 400 тыс. изделий медицинского назначения на общую сумму порядка 770 млн тенге.По поручению Главы Государства правоохранительными органами проводится работа по выявлению фактов незаконного оборота лекарственных средств, их подделки, а также реализации их по завышенным ценам, сообщает zakon.kz.В целях обеспечения эффективности этой работы во всех регионах под руководством прокуроров созданы рабочие группы из числа сотрудников Службы экономических расследований, полиции, государственных доходов и контроля качества за безопасностью товаров и услуг.Проведенными рейдами выявлены факты продажи лекарств по завышенным ценам 650 аптеками.В городе Алматы выявлен цех по изготовлению поддельных лекарств (""Цефамед"", ""Цераксон"", ""Цефтазидин"", ""Физиотенс"") в количестве 60 тыс. шт., используемые при лечении от коронавирусной инфекции.По этому факту ведется следствие по статьям 222, 262 и 323 УК РК, подозреваемые арестованы.Имеется факт искусственного создания дефицита лекарств (Цефтриаксон, Азитромицин, Парацетамол и др. при их наличии) и их реализации по завышенным ценам из подсобного помещения одной из столичных аптек (без сертификата и фискальных чеков), - говорится в сообщении пресс-службы Генеральной прокуратуры РК.Имеется факт искусственного создания дефицита лекарств (Цефтриаксон, Азитромицин, Парацетамол и др. при их наличии) и их реализации по завышенным ценам из подсобного помещения одной из столичных аптек (без сертификата и фискальных чеков), - говорится в сообщении пресс-службы Генеральной прокуратуры РК.Из указанной аптеки изъято 2811 упаковок препаратов на общую сумму 1,7 млн тенге.В Западно-Казахстанской области на границе с Российской Федерацией пресечен незаконный ввоз 5342 упаковок и 3160 ампул различных лекарственных средств без соответствующих документов, а также 2 тыс. медицинских изделий на сумму свыше 10 млн. тенге.Судом виновное лицо подвергнуто штрафу на сумму 277 тыс. тенге с конфискацией лекарственных средств в доход государства. Препараты и медицинские изделия переданы в Управление здравоохранения.В целом по итогам проверочных мероприятий к административной ответственности привлечено 694 лица, из незаконного оборота предварительно изъято более 400 тыс. упаковок медпрепаратов и изделий медицинского назначения на общую сумму порядка 770 млн тенге.По фактам, где имеется крупный ущерб, проводятся досудебные расследования.Для обеспечения неотвратимости наказания виновных лиц ход расследования уголовных дел и рассмотрения административных материалов находится на контроле прокуратуры.Одновременно, в целях пресечения фактов нарушения прав добросовестных предпринимателей, активизировали работу мобильных групп по защите бизнеса, созданных при прокуратуре.Проверочные мероприятия продолжаются.Кроме того, органы прокуратуры обеспечивают законность при принятии мер за нарушение санитарно-эпидемиологических требований.За нарушение установленных карантинных ограничений, в том числе масочного режима, предусмотрена ответственность по ч.1 статье 425 Кодекса об административных правонарушениях, влекущая штраф на физических лиц в размере 30 МРП.По этой статье к ответственности уже привлечено 3 467 лиц. К примеру, за обслуживание покупателей без маски к административному штрафу был подвергнут фармацевт одной из аптек в городе Алматы.Аналогично наложен штраф на гражданку за нахождение в общественном транспорте без маски.Обращаем внимание, что при признании вины законодательство предоставляет право виновному лицу в течение 7 суток оплатить половину штрафа.В ином случае, исходя из конкретных обстоятельств дела, уполномоченный орган вправе самостоятельно сократить размер штрафа на 1/3 (30%).",0
В Курбан айт депутаты Мажилиса оказали помощь нуждающимся,2020-07-31 16:14:00,"В Нур-Султане помощь нуждающимся оказали депутаты Мажилиса Берик Оспанов, Асылбек Смагулов и Нуржан Альтаев.В священный праздник Курбан айт, который сегодня отмечают мусульмане всего мира, депутаты Мажилиса в различных регионах страны провели благотворительные акции для казахстанцев, оказавшихся в трудной жизненной ситуации из-за пандемии коронавируса, сообщает zakon.kz.Социальная поддержка населения – это важное направление работы депутатов Мажилиса в регионах.В первый день Курбан айта мажилисмены адресно доставили малоимущим, инвалидам, многодетным семьям и пожилым людям продуктовые наборы, предметы первой необходимости и средства индивидуальной защиты.В Нур-Султане помощь нуждающимся оказали депутаты Мажилиса Берик Оспанов, Асылбек Смагулов и Нуржан Альтаев. Мажилисмены  посетили семьи, где проживают пожилые и многодетные горожане, передав им продуктовые наборы.Мажилисмены в этот день побывали не только в крупных городах, но и в районных центрах и отдаленных населенных пунктах. Руководитель парламентской фракции партии ""Ак жол"" Азат Перуашев посетил расположенный в 160 км от столицы Ерейментауский район Акмолинской области. Мажилисмен доставил 30 семьям продукты и товары первой необходимости. Кроме того, Азат Перуашев встретился с врачами и медперсоналом районной больницы, передав в дар стационару медикаменты и средства индивидуальной защиты.Активное участие в благотворительных акциях приняли и депутаты Мажилиса от фракции ""Народные коммунисты"" Айкын Конуров и Жамбыл Ахметбеков. Мажилисмены оказывают помощь многодетным семьям, одиноким пенсионерам, людям с особыми потребностями, а также бывшим выпускникам детских домов в рамках проекта ""Шапагат"".Социальную поддержку со стороны депутата Мажилиса Абзала Ералиева ощутили многие семьи в Кызылординской области.Поблагодарив за оказанную помощь, жители регионов отмечали важность сохранения и укрепления главных ценностей казахстанского общества – мира, согласия и единства, уважения и поддержки друг друга.Благотворительные акции в рамках празднования Курбан айта организованы на личные средства мажилисменов. Мероприятия проходят со строгим соблюдением всех санитарных норм и правил карантина.",0
Бекшин: дезинфекция проводится безопасным для людей раствором,2020-07-31 16:09:00,"Это необходимо для профилактики коронавируса.Руководитель Департамента контроля качества и безопасности товаров и услуг города Алматы, главный государственный санитарный врач города Жандарбек Бекшин прокомментировал проводимую в мегаполисе масштабную дезинфекцию и назвал ее одним из ключевых инструментов профилактики коронавирусной инфекции, сообщает zakon.kz.Жандарбек Бекшин отметил, что во всем мире для профилактики особо опасных инфекций, к которым относится и коронавирусная инфекция, одним из эффективных методов является дезинфекция.""Коронавирус - крупный вирус, который не задерживается в воздухе. Он оседает на поверхностях: на поручнях, лестничных маршах, дверных ручках, дворовой территории, поэтому необходимо проводить дезинфекцию"", — сказал он.Кроме того, Жандарбек Бекшин разъяснил, что для дезинфекции и борьбы с коронавирусом используются сертифицированные, зарегистрированные не только в Казахстане, но и в странах ЕАЭС, дезинфицирующие средства. В основном применяется Глюкозамин и Акма-Хлор в дозах, которые безопасны для человека: Глюкозамин используется в дозе 0,003%, Акма-Хлор используется в дозе 0,05%. Это безопасная концентрация.Следует отметить, что за концентрацией дезинфицирующего вещества, используемого для обработки территории города, контроль проводится на постоянной основе.За текущий год при работе подрядных организаций отобрали на лабораторные исследования 285 проб. Постоянно ведется лабораторный контроль за работой этих организаций, — подчеркнул главный государственный санитарный врач города.За текущий год при работе подрядных организаций отобрали на лабораторные исследования 285 проб. Постоянно ведется лабораторный контроль за работой этих организаций, — подчеркнул главный государственный санитарный врач города.Вместе с тем Жандарбек Бекшин также прокомментировал распространяемую в социальных сетях информацию о якобы возникновении пневмонии от дезинфицирующих работ. Главный санврач мегаполиса опроверг мнение о том, что дезинфекция вызывает пневмонию.По его словам, одной из причин появления осложнения в виде пневмонии является самолечение граждан. Многие самостоятельно принимают антибиотики. При этом лечение любого заболевания должно осуществляться квалифицированным специалистом, врачом, обладающим достаточной базой знаний в этой области. Незнание и самолечение может привести к осложнению вплоть до летального исхода.Так, согласно информации ДККБТУ, пневмония неустановленной этиологии — это результат бессимптомного носительства коронавируса. В некоторых случаях коронавирус, находясь на слизистых оболочках верхних дыхательных путей, не вызывает симптоматику (например, потерю обоняния, повышение температуры и т. д.), однако спускаясь в нижние отделы дыхательных путей, становится причиной воспаления легких, пневмонии.Инфекция из верхних дыхательных путей уходит в легкие. Верхние дыхательные органы становятся чистыми, и когда больной, бессимптомный вирусоноситель, поступает в медицинскую организацию, то ПЦР-диагностика не показывает результат. Необходима мокрота из нижних долей легких, так как инфекция ушла туда, — пояснил Жандарбек Бекшин.Инфекция из верхних дыхательных путей уходит в легкие. Верхние дыхательные органы становятся чистыми, и когда больной, бессимптомный вирусоноситель, поступает в медицинскую организацию, то ПЦР-диагностика не показывает результат. Необходима мокрота из нижних долей легких, так как инфекция ушла туда, — пояснил Жандарбек Бекшин.Когда инфекция переместилась в легкие, обнаружение ее методом ПЦР становится неэффективным. Для выявления инфекции требуются сложные виды диагностики. Таким образом, пациенты, не подозревая о болезни, не лечат ее, и развивается осложнение.На сегодняшний день в стационарах города имеется около 700 таких больных, которые в свое время были бессимптомными вирусоносителями либо занимались самолечением. Это причина, по которой появляется пневмония неустановленной этиологии, — добавил Ж. Бекшин.Разъясняя данный вопрос, Жандарбек Бекшин привел в пример случаи, когда контактные к зараженным коронавирусом могут иметь отрицательный результат ПЦР-тестирования. В медицинской практике такие пациенты выявляются методом сбора данных anamnesis morbi жалобы пациента и anamnesis vitae информация об условиях жизни, трудовой деятельности, семье и так далее. Если в ходе anamnesis vitae выявляется, что член семьи пациента переболел или у него был выявлен положительный результат ПЦР-теста на коронавирус, то можно предположить, что пациент также является носителем, но из-за бессимптомного течения заболевания в свое время не принял меры, что привело к пневмонии неустановленной этиологии.""Бывают случаи, когда у мужчины в семье положительный результат ПЦР-тестирования, а у жены — отрицательный, однако у жены — пневмония неустановленной этиологии. Налицо — контакт с супругом"", — пояснил Жандарбек Бекшин, добавив, что именно поэтому рекомендуют проводить дезинфицирующую обработку не только в общественных местах города, но и в домашнем помещении. Так как, если один член семьи заболел, но болезнь проходит в бессимптомной форме, он все равно выделяет вирус во внешнюю среду, становится причиной болезни своих близких.",1
Главы иностранных государств поздравили Токаева с праздником Курбан айт,2020-07-31 16:01:00,"Президенты Узбекистана, Кыргызстана, Таджикистана, Турции и других мусульманских стран отправили поздравительные телеграммы на имя Главы государства.На имя Главы государства Касым-Жомарта Токаева поступают поздравительные телеграммы и письма от глав иностранных государств и международных организаций по случаю священного праздника Курбан айт, сообщает zakon.kz.Телеграммы поздравлений на имя Президента Казахстана по случаю праздника Курбан айт:В своей телеграмме Президент Узбекистана Шавкат Мирзиёев подчеркнул огромный вклад Касым-Жомарта Токаева во всестороннее укрепление уз дружбы и братства, торгово-экономических, социальных, духовно-просветительских отношений между двумя государствами, а также в борьбу с общими для наших народов угрозами.Президент Кыргызстана Сооронбай Жээнбеков убежден, что стратегическое партнерство, дружба, союзнические отношения и добрососедство между Кыргызстаном и Казахстаном и впредь продолжат укрепляться при личной поддержке Касым-Жомарта Токаева и во благо интересов народов двух государств.Президент Таджикистана Эмомали Рахмон выразил твердое намерение совместно с Касым-Жомартом Токаевым всесторонне продвигать взаимодействие, направленное на укрепление и расширение отношений созидательного сотрудничества между Таджикистаном и Казахстаном. Президент Туркменистана Гурбангулы Бердымухамедов пожелал Главе государства крепкого здоровья, счастья и удачи во всех благих делах и начинаниях, а братскому народу Казахстана – мира, благополучия и процветания.Президент Турции Реджеп Тайип Эрдоган в своем письме пишет: «От себя лично и от имени своего народа искренне поздравляю Ваше превосходительство с праздником Курбан айт. В этот священный праздник, который объединяет нас в нынешнее непростое время, я желаю Вам крепкого здоровья и счастья, а братскому народу Казахстана – мира, благополучия и процветания».Теплые слова поздравлений Главе государства по случаю праздника Курбан айт также направили Президент Азербайджана Ильхам Алиев, Президент Ирана Хасан Рухани, Президент Египта Абдель Фаттах Ас-Сиси, Король Иордании Абдалла II, Король Бахрейна Шейх Хамад бен Иса Аль Халифа, Султан Омана Хайсам бен Тарик, Король Марокко Мухаммед VI, Президент Алжира Абдельмаджид Теббун, Президент Афганистана Мохаммад Ашраф Гани, лидеры Палестины Махмуд Аббас и Филиппин Родриго Дутерте, а также Генеральный секретарь Организации исламского сотрудничества Юсеф бен Ахмад Аль-Осеймин, Генеральный директор ИСЕСКО Салим М. Аль-Малик, Председатель Управления Мусульман Кавказа, сопредседатель Межрелигиозного Совета СНГ шейх-уль-ислам Аллахшукюр Паша-заде.Поздравительные телеграммы продолжают поступать.",0
Соцпредпринимателей должны защищать законы - Маулен Ашимбаев,2020-07-31 15:48:00,"В Казахстане примут закон в поддержку предприятий, где работают инвалиды.В рамках праздника Курбан Айт депутаты Парламента адресно помогают нуждающимся казахстанцам, в том числе людям с особыми потребностями, семьям борющихся с пандемией медиков и другим категориям граждан, сообщает zakon.kz.Сегодня Спикер Сената Маулен Ашимбаев встретился с коллективом ""социального"" кафе - так принято называть предприятия, на которых заняты люди с особыми потребностями и граждане из социально-незащищенных категорий.""Социальное предпринимательство"" в нашей стране в последние годы получило новое развитие. По неофициальным данным в Казахстане работает порядка 200 социальных объектов бизнеса. Однако эта сфера пока не регулируется на законодательном уровне.Ранее Глава государства на встрече поддержал предложения Эмина Аскерова и других соцпредпринимателей. В дальнейшем мы будем оказывать необходимую помощь для того, чтобы социальное предпринимательство было законодательно урегулировано. Чтобы в Казахстане были все возможности для открытия и работы таких кафе и подобных предприятий. Сегодня соцпредприниматели, во многом, работают на энтузиазме, но в их поддержку нужно принимать соответствующие законы. Мы будем в этом направлении работать, - сказал Маулен Ашимбаев на встрече.Ранее Глава государства на встрече поддержал предложения Эмина Аскерова и других соцпредпринимателей. В дальнейшем мы будем оказывать необходимую помощь для того, чтобы социальное предпринимательство было законодательно урегулировано. Чтобы в Казахстане были все возможности для открытия и работы таких кафе и подобных предприятий. Сегодня соцпредприниматели, во многом, работают на энтузиазме, но в их поддержку нужно принимать соответствующие законы. Мы будем в этом направлении работать, - сказал Маулен Ашимбаев на встрече.Спикер Палаты отметил, что в эти дни многие казахстанцы, независимо от своей религиозной и этнической принадлежности, активно оказывают поддержку нуждающимся людям, помогают друг другу.Курбан айт - это​ праздник демонстрации веры, своих внутренних​ помыслов, внутренней чистоты. Это праздник милосердия и доброты.​ В условиях борьбы с коронавирусом особенно важна поддержка друг друга, поддержка тех людей, которые нуждаются в той или иной​ помощи. И​ в этих условиях мы видим, что в Казахстане активно набирает силу волонтёрское движение. Многие люди готовы​ оказывать поддержку, очень многие бескорыстно помогают материально.​ Это показывает зрелость нашего общества, - отметил Маулен АшимбаевКурбан айт - это​ праздник демонстрации веры, своих внутренних​ помыслов, внутренней чистоты. Это праздник милосердия и доброты.​ В условиях борьбы с коронавирусом особенно важна поддержка друг друга, поддержка тех людей, которые нуждаются в той или иной​ помощи. И​ в этих условиях мы видим, что в Казахстане активно набирает силу волонтёрское движение. Многие люди готовы​ оказывать поддержку, очень многие бескорыстно помогают материально.​ Это показывает зрелость нашего общества, - отметил Маулен АшимбаевСпикер Сената поздравил с праздником Курбан Айт коллектив ""социального кафе"" и передал всем сотрудникам продуктовые наборы и памятные подарки. Спикер Сената поблагодарил руководителя ""социального кафе"" Эмина Аскерова за создание рабочих мест для людей с особыми потребностями. В особой поддержке нуждаются люди с ограниченными возможностями. Нужно создавать условия для их самореализации. Давать им возможность своим трудом зарабатывать, ни от кого не зависеть. Создавать условия для общения, социализации, поиска друзей и создания семей. В этом направлении Эмин делает очень большую работу, - подчеркнул Спикер Сената. В особой поддержке нуждаются люди с ограниченными возможностями. Нужно создавать условия для их самореализации. Давать им возможность своим трудом зарабатывать, ни от кого не зависеть. Создавать условия для общения, социализации, поиска друзей и создания семей. В этом направлении Эмин делает очень большую работу, - подчеркнул Спикер Сената.В период карантина заведение продолжает работать, организована доставка, также здесь обслуживают посетителей на открытом воздухе, как того требуют строгие санитарные нормы. Как известно, Эмин Аскеров открыл несколько предприятий, где трудятся не только граждане с ограниченными возможностями, но и бездомные, бывшие заключённые, и люди поборовшие разные формы зависимости. Они нашли применение своим навыкам в швейном цеху, на мебельной фабрике, на автомойке или в сфере общественного питания.В эти дни депутаты активно участвуют в различных благотворительных проектах, в том числе в онлайн-формате. Так, депутаты и работники аппарата активно подключились к акции Духовного управления мусульман Казахстана и фонда ""Зекет қоры"", заказав услугу жертвоприношения на сайте qurban2020.kz. Пандемия внесла свои коррективы в формат проведения религиозных праздников, но это не стало помехой для реализации гражданами благотворительных проектов. После традиционного обряда жертвоприношения мясо будет передано нуждающимся гражданам. В этом году, по инициативе депутатов, часть мяса также будет доставлена семьям медицинских работников, которые активно борются с пандемией коронавируса. Кроме того, в этот день работники аппарата посетили семью столичных врачей Смагуловых, детям которых были вручены компьютеры для последующих дистанционных занятий в новом учебном году. ",0
В полиции Павлодара прокомментировали рассылку о плане по количеству штрафов за отсутствие маски,2020-07-31 15:30:00,"По данному факту проводится работа по установления лиц, распространивших фейковую информацию.Ранее в социальных сетях и whatsapp группах распространялся документ от начальника ДП Павлодарской области по поставленным планам по выявлению нарушителей масочного режима, сообщает zakon.kz.Согласно документу, начальник ДП Павлодара требует от своих подчиненных находить нарушителей масочного режима. Минимум 25 в Павлодаре, а в сельских округах по 10.В департаменте полиции Павлодара заявили, что это фейк. Было отмечено, что на документе отсутствовала подпись начальника полиции и исходящий номер.Данная информация не является действительной, в официальных документах оно не распространено, и является фейком. По данному факту проводится работа по установления лиц, распространивших фейковую информацию. Хотелось бы предупредить граждан об ответственности за распространение фейковой информации. На данно бумаге не моей росписи не номера исходящего, - заявил исполняющий обязанности начальника ДП Павлодарской области полковник полиции Жаскайрат Каиров Данная информация не является действительной, в официальных документах оно не распространено, и является фейком. По данному факту проводится работа по установления лиц, распространивших фейковую информацию. Хотелось бы предупредить граждан об ответственности за распространение фейковой информации. На данно бумаге не моей росписи не номера исходящего, - заявил исполняющий обязанности начальника ДП Павлодарской области полковник полиции Жаскайрат Каиров В заявлении подчеркнули, что согласно поручению Министра внутренних дел Ерлана Тургумбаева категорически запрещается оценивать результаты работы полицейских по числу протоколов и выявленных нарушений.Также напоминаем, что за распространение ложной информации предусмотрена уголовная ответственность, - подытожил он.Также напоминаем, что за распространение ложной информации предусмотрена уголовная ответственность, - подытожил он.",0
"На мосту по Аль-Фараби ""повесился"" ангел: полиция Алматы ищет авторов",2020-07-31 14:59:00,"Исходя из данных камер видеонаблюдения, манекен повесили двое молодых людей.Вечером 30 июля в социальных сетях появилась информация о свисающем манекене на надземном мосту по проспекту Аль-Фараби в Алматы, сообщает zakon.kz.По данным Управления полиции Бостандыкского района, сигнал об этом факте в полицию поступил от прохожих.По прибытию патрульного наряда, стало известно, что с пешеходного моста свисал манекен в образе ангела. Исходя из данных камер видеонаблюдения, повесили двое молодых людей, личности которых в настоящее время устанавливаются, - говорится в сообщении ДП города Алматы.По прибытию патрульного наряда, стало известно, что с пешеходного моста свисал манекен в образе ангела. Исходя из данных камер видеонаблюдения, повесили двое молодых людей, личности которых в настоящее время устанавливаются, - говорится в сообщении ДП города Алматы.В ходе проверочных мероприятий также будет дана правовая оценка их действиям, с дальнейшим принятием мер в соответсвии с законодательством.            Посмотреть эту публикацию в Instagram  Вечером 30 июля в социальных сетях появилась информация о свисающем манекене на надземном мосту по проспекту Аль-Фараби в Алматы. ⠀ По данным Управления полиции Бостандыкского района, сигнал об этом факте в полицию поступил от прохожих. ⠀ По прибытию патрульного наряда, стало известно, что с пешеходного моста свисал манекен в образе ангела. Исходя из данных камер видеонаблюдения, повесили двое молодых людей, личности которых в настоящее время устанавливаются, - говорится в сообщении ДП города Алматы. ⠀ В ходе проверочных мероприятий также будет дана правовая оценка их действиям, с дальнейшим принятием мер в соответсвии с законодательством. ⠀ @zakon.kz Публикация от  Сетевое издание ""zakon.kz"" (@zakon.kz) 31 Июл 2020 в 2:06 PDT  Вечером 30 июля в социальных сетях появилась информация о свисающем манекене на надземном мосту по проспекту Аль-Фараби в Алматы. ⠀ По данным Управления полиции Бостандыкского района, сигнал об этом факте в полицию поступил от прохожих. ⠀ По прибытию патрульного наряда, стало известно, что с пешеходного моста свисал манекен в образе ангела. Исходя из данных камер видеонаблюдения, повесили двое молодых людей, личности которых в настоящее время устанавливаются, - говорится в сообщении ДП города Алматы. ⠀ В ходе проверочных мероприятий также будет дана правовая оценка их действиям, с дальнейшим принятием мер в соответсвии с законодательством. ⠀ @zakon.kzПубликация от  Сетевое издание ""zakon.kz"" (@zakon.kz) 31 Июл 2020 в 2:06 PDT",4
Евро вырос на 10 тенге за сутки в казахстанских обменниках ,2020-07-31 14:22:00,"Цены на нефть эталонных марок снижаются.По состоянию на 31 июля казахстанские обменники покупают евро за 500 тенге и продают за 505 тенге, сообщает zakon.kz.В обменниках доллары покупают/продают по 422/424,5 тенге.Еще вчера в обменниках продажа доллара была по 421-423 тенге, евро – 492-495 тенге. Таким образом, рост евро составил 8-10 тенге.Цены на нефть эталонных марок снижаются. Участники рынка обеспокоены тем, что новые вспышки коронавируса по всему миру приведут к снижению спроса на топливо, в то время как крупнейшие нефтепроизводители начинают ослаблять ограничения на добычу.По состоянию на 22:56 нст 30 июля стоимость октябрьских фьючерсов на североморскую нефтяную смесь марки Brent падала на 1,79%, до 43,30 доллара за баррель, цена фьючерсов на WTI опускалась на 2,54%, до 40,22 доллара за баррель. ",3
В Казахстане продлили сроки приема документов в магистратуру и докторантуру ,2020-07-31 13:16:00,"В 2020 году КТ для поступления в магистратуру будет проходить впервые в компьютерном формате через использование персонального компьютера для каждого тестируемого.В Казахстане для поступающих в магистратуру и докторантуру сроки приема документов продлеваются, сообщает zakon.kz.В связи с продлением карантинного режима в стране комплексное тестирование для поступления в магистратуру стартует не 3 августа, как было заявлено ранее, а 17 августа. Также до 10 августа продлен срок приема документов для поступления в докторантуру.В личные кабинеты (на сайте НЦТ) поступающих будут высланы новые пропуска с указанием даты, времени и места проведения комплексного тестирования. Свидетельство по итогам комплексного тестирования будет выдаваться также в электронной форме через личный кабинет тестируемого, - говорится в сообщении пресс-службы МОН РК.В личные кабинеты (на сайте НЦТ) поступающих будут высланы новые пропуска с указанием даты, времени и места проведения комплексного тестирования. Свидетельство по итогам комплексного тестирования будет выдаваться также в электронной форме через личный кабинет тестируемого, - говорится в сообщении пресс-службы МОН РК.Какие изменения внесены в правила проведения КТВ 2020 году КТ для поступления в магистратуру будет проходить впервые в компьютерном формате через использование персонального компьютера для каждого тестируемого на базе 18 региональных центров тестирования. Каждый компьютер будет обеспечен видеокамерой. Таким образом комиссия по контролю за проведением КТ сможет проследить за соблюдением принципов академической честности.Участники КТ пройдут все этапы дезинфекции согласно санитарно-эпидемиологическим требованиям, будут соблюдены санитарные меры безопасности. При запуске и рассадке тестируемых между поступающими будет соблюдаться расстояние не менее 2 метров.Участники КТ пройдут все этапы дезинфекции согласно санитарно-эпидемиологическим требованиям, будут соблюдены санитарные меры безопасности. При запуске и рассадке тестируемых между поступающими будет соблюдаться расстояние не менее 2 метров. Отметим, что Комитетом по обеспечению качества в сфере образования и науки МОН РК проведена оценка готовности региональных центров тестирования.Тестирование для каждого участника начнется индивидуально, не нужно ждать, когда заполнится поток. В ходе КТ тестируемые могут пропускать вопросы, переходить к следующим и возвращаться к предыдущим вопросам, изменять варианты ответов. После завершения КТ тестируемые смогут осуществить  сверку ответов с протоколом правильных ответов. Кроме того, после завершения тестирования в течение 30 минут претенденты, поступающие в магистратуру, могут подать на апелляцию.Что касается количества тестовых заданий и времени проведения тестирования, то здесь изменений нет: за 3 часа 55 минут необходимо ответить на 130 тестовых заданий.Комиссия может не пустить на комплексное тестирование поступающего за попытку пронести запрещенные предметы или за попытку сдать тестирование через подставное лицо.Количество госгрантовВ этом году порядка 38 тысяч человек проявили желание поступить в магистратуру. В 2019 году количество желающих составляло 30 579 человек.В этом году 13 300 выпускников вузов смогут получить послевузовское образование за счет государства по наиболее востребованным направлениям на рынке труда.В этом году 13 300 выпускников вузов смогут получить послевузовское образование за счет государства по наиболее востребованным направлениям на рынке труда.Сроки сдачи документов для поступления в докторантуруТакже в связи с продлением карантинного режима прием документов в докторантуру будет осуществляться до 10 августа. Вступительные экзамены для поступления в докторантуру будут проводиться с 17 по 22 августа вузами самостоятельно. Зачисление в докторантуру завершится 28 августа. Количество госгрантов на подготовку специалистов PhD составляет 1 815.Во время проведения экзаменов будет организована работа медицинского персонала, обеспечена рассадка поступающих в аудиториях с условием социального дистанциирования, также будет соблюдаться строгий масочный режим.Напомним, что в связи с невозможностью в условиях пандемии COVID-19 сдать международный тест IELTS на знание английского языка в традиционном формате МОН РК был подписан приказ, разрешающий выпускникам вузов сдавать Duolingo English Test и IELTS INDICATOR для поступления в магистратуру и докторантуру.   ",0
В Казахстане продлили прием документов в первый класс до 20 августа,2020-07-31 13:01:00,"Из-за трудностей при получении медицинских справок разрешено временно не представлять их при сдаче документов.Прием документов в первый класс продлевается до 20 августа, сообщает zakon.kz. В связи с продлением карантинного режима в стране Министерство образования и науки РК продлевает срок приема документов в первый класс до 20 августа.На сегодняшний день поступило порядка 350 тысяч заявлений, преобладающее большинство из них принято через портал ""электронного правительства"" egov.kz.Из-за трудностей при получении медицинских справок разрешено временно не представлять их при сдаче документов в организации образования. Медицинские справки можно представить по мере их получения.Из-за трудностей при получении медицинских справок разрешено временно не представлять их при сдаче документов в организации образования. Медицинские справки можно представить по мере их получения.Напоминаем, что по письменному заявлению родителей учащихся начальных классов при наличии в организации образования условий в первой четверти будет организовано функционирование дежурных классов с соблюдением строгих санитарных мер.",0
Глава ВОЗ связал вспышки COVID-19 в ряде стран с беспечностью молодежи,2020-07-31 12:53:00,"Одна из проблем, с которой сталкивается организация, - убедить молодых людей в риске заражения.Вспышки коронавируса в некоторых странах вызваны беспечностью молодежи, которая не соблюдает необходимые меры защиты, сообщает zakon.kz со ссылкой на Известия.Об этом сообщил глава Всемирной организации здравоохранения (ВОЗ) Тедрос Гебрейесус на брифинге 30 июля.Данные свидетельствуют о том, что вспышки заболеваемости в некоторых странах частично объясняются тем, что молодые люди ослабляют бдительность в течение лета в государствах Северного полушария, - приводит его слова сайт всемирной организации.Данные свидетельствуют о том, что вспышки заболеваемости в некоторых странах частично объясняются тем, что молодые люди ослабляют бдительность в течение лета в государствах Северного полушария, - приводит его слова сайт всемирной организации.По словам Гебрейесуса, хотя пожилые люди и больше подвержены риску заразиться, молодежь тоже болеет. Одна из проблем, с которой сталкивается организация, - убедить молодых людей в этом риске.Молодые люди могут быть заражены; молодые люди могут умереть; и молодые люди могут передавать вирус другим, - сказал глава ВОЗ.Молодые люди могут быть заражены; молодые люди могут умереть; и молодые люди могут передавать вирус другим, - сказал глава ВОЗ.Он отметил, что и молодежь, и пожилые должны соблюдать меры предосторожности, чтобы защитить себя и других.Глава ВОЗ добавил, что организация создала Техническую консультативную группу по поведенческим исследованиям и наукам о здоровье. Она расширит и углубит существующую работу ВОЗ по поведенческим наукам и поможет сделать рекомендации в области здравоохранения более эффективными. В нее войдут 22 эксперта в различных областях из 16 стран.",2
 БРК-Лизинг подводит итоги 1 полугодия 2020 года,2020-07-31 12:43:00,"Профинансировано 807 машин скорой медицинской помощи для 18 больниц.В рамках поставленных Главой государства и Правительством задач по минимизации последствий пандемии COVID-19 и повышения качества медицинских услуг населению службами экстренного реагирования, а также принятию точечных решений по упрощению и облегчению условий бизнесу в условиях пандемии, БРК-Лизинг в отчетном периоде достигнуты следующие результаты.          Профинансировано 807 машин скорой медицинской помощи для 18 больниц  следующих областей: Акмолинская, Актюбинская, Алматинская, Атырауская, ВКО (г.Усть-Каменогорск, г. Семей), Жамбылская, ЗКО, Карагандинская, Костанайская, Кызылординская, Мангистауская, Павлодарская, СКО, Туркестанская, г. Нур-Султан. Для тестирования COVID-19 профинансирован закуп 8 единиц мобильных лабораторных комплексов, а также 2 единиц передвижных медицинских комплексов. Поэтапная поставка вышеуказанной медицинской техники завершится в октябре текущего года.Кроме этого, проводится работа с государственными и местными исполнительными органами по закупу дополнительных 360 единиц санитарного транспорта.В период чрезвычайного положения БРК-Лизинг находился в формате непрерывной дистанционной работы и принимал конкретные меры по стабилизации финансового состояния своих клиентов и финансированию проектов. БРК-Лизинг проведены ряд антикризисных мер по реструктуризации проектов с отсрочкой платежей до 3 месяцев и выше, ставка для приобретения сельхозтехники снижена с 7% до 6%, авансовый платеж снижен до 0%, сокращен перечень документов, отменены штрафы за просрочку платежей.За первое полугодие 2020 года обновлено 148 автобусов для городских перевозок пассажиров, 106 единиц тракторов и комбайнов, открыто финансирование по обновлению 20 единиц пожарной техники, открыто финансирование по обновлению 186 единиц полицейских машин. Необходимо отметить, что согласно Государственной программе индустриально-инновационного развития Республики Казахстан на 2020 - 2025 годы финансирование предоставляется под 7% годовых и вся закупаемая техника отечественного производства.Продолжена работа по обновлению парка вагонов, в рамках которой обновлено 50 пассажирских и 130 грузовых вагонов, профинансировано 140 специальных транспортных средств отечественного производства.В отчетном периоде профинансированы  проекты в обрабатывающей промышленности, такие как Завод по производству силовых трансформаторов в г. Шымкент, Строительство завода энергоэффективных архитектурных фасадов, Приобретение оборудования для производства твердых гидрогениированных жиров, Приобретение производственного оборудования для завода по производству мороженого в с. Байсерке, Производство пластиковых трубопроводов из двуосноориентированного ПВХ нового поколения для водоснабжения, Модернизация трансформаторного завода в г. Кентау и др, в  сфере возобновляемых источников энергии профинансирован проект по строительству ветровой электростанции ""Астана Expo-2017"" мощностью 100МВт для преобразования энергии ветра (Второй пусковой комплекс на 50 Мвт) .В целом, в первом полугодии 2020 года профинансированы проекты на сумму 64,8 млрд тенге, лизинговый портфель составил 405,4 млрд тенге. Обеспечено достижение целевых показателей финансовой устойчивости и чистой прибыли. Следует отметить, что в отчетном периоде выплачены дивиденды Единственному акционеру за 2019 год в размере 1 055 млн. тенге, что составляет 30% от чистой прибыли.АО ""БРК-Лизинг"" дочерняя организация АО ""Банк Развития Казахстана"", входит в структуру Национального управляющего холдинга ""Байтерек"". Компания предоставляет лизинговое финансирование для реализации инвестиционных проектов в рамках государственных программ и коммерческого финансирования.     ",0
Умер известный доктор химических наук Батырбеков Еркеш ,2020-07-31 12:22:00,"Профессор Батырбеков разработал фундаментальные основы и теоретические принципы создания и применения ряда новых полимерных биоматериалов для использования в различных областях медицины, фармации и ветеринарии.В ночь на 30 июля ушел из жизни доктор химических наук Батырбеков Еркеш Оразаевич, сообщает zakon.kz. Он являлся лауреатом премий ""Дарын"" и ""Тарлан"", академиком Российской Академии Естествознания, членом Нью-Йоркской Академии Наук и профессором Института химических наук Республики Казахстан им. А.Б. Бектурова. Профессор Батырбеков Е.О. разработал фундаментальные основы и теоретические принципы создания и применения ряда новых полимерных биоматериалов для использования в различных областях медицины, фармации и ветеринарии. Им были разработаны научные основы иммобилизации различных лекарственных веществ на ряде синтетических и природных полимеров - он был одним из создателей нового эффективного полимерного гипотензивного препарата ""Клофебукал"". Значительный вклад Е.О. Батырбекова в теорию и практику биомедицинских полимеров получил широкое международное признание в авторитетных журналах, таких как: ""British Polymer Journal"", ""Journal of Applied Polymer Science"" и др.Помимо продуктивной научной деятельности (520 научных работ, 7 монографии и 52 изобретения), Еркеш Батырбеков активно помогал новому поколению казахстанских ученых - под его научным руководством защищено 6 кандидатских и 2 докторских диссертации. Он любил расширять кругозор – как свой собственный, так и своих учеников и близких - и часто выступал на международных конференциях и симпозиумах. За разработку и внедрение в практику полимеров медико-биологического назначения Е.О.Батырбекову были присуждены Государственная премия ""Дарын"" Республики Казахстан (1994 г.), Государственная премия имени академика К.И.Сатпаева (2000 г.) и независимая премия ""Тарлан"" Клуба Меценатов Казахстана (2006 г.).Ввиду действующего карантина, похороны состоятся в узком семейном кругу - без личных визитов. Еркеш Оразаевич был опорой семьи и его уникального чувства юмора всем будет не хватать.  ",6
"11 лет лишения свободы получил педофил, задержанный в Туркестанской области",2020-07-31 12:14:00,"В свою очередь, полицейские напоминают, что каждый родитель не должен забывать о безопасности своего ребенка.11 лет лишения свободы получили педофил, задержанный полицейскими Туркестанской области, сообщает zakon.kz.Сегодня в нашей стране особое внимание уделяется защите прав несовершеннолетних. И педофилам никаких скидок нет. При осуждении лиц за преступление против половой неприкосновенности несовершеннолетних условное наказание на применяется. Также они не подлежат условно-досрочному освобождению при отбывании наказания, замене неотбытой части наказания более мягким видом наказания либо сокращение срока назначенного наказания, освобождению от уголовной ответственности при исполнении условий процессуального соглашения, освобождению от уголовной ответственности в связи с искренним раскаянием, освобождению от уголовной ответственности и наказания на основании акта амнистии или помилования. Осужденному за совершение насильственных действий сексуального характера в отношении несовершеннолетних никаких послаблений не предусмотрено - отметил начальник Следственного управления Департамента полиции Туркестанской области полковник полиции Нурмахан Жалгасов.Сегодня в нашей стране особое внимание уделяется защите прав несовершеннолетних. И педофилам никаких скидок нет. При осуждении лиц за преступление против половой неприкосновенности несовершеннолетних условное наказание на применяется. Также они не подлежат условно-досрочному освобождению при отбывании наказания, замене неотбытой части наказания более мягким видом наказания либо сокращение срока назначенного наказания, освобождению от уголовной ответственности при исполнении условий процессуального соглашения, освобождению от уголовной ответственности в связи с искренним раскаянием, освобождению от уголовной ответственности и наказания на основании акта амнистии или помилования. Осужденному за совершение насильственных действий сексуального характера в отношении несовершеннолетних никаких послаблений не предусмотрено - отметил начальник Следственного управления Департамента полиции Туркестанской области полковник полиции Нурмахан Жалгасов.К примеру, в декабре 2018 года в Тулькубасском районе Туркестанской области зарегистрировали факт изнасилования несовершеннолетней девочки. Угрожая подростку физической расправой и воспользовавшись бессознательным состоянием потерпевшей, подозреваемый совершил с ней насильственные действия. В ходе оперативно-розыскных мероприятий оперативники криминальной полиции задержали подозреваемого. Им оказался 35-летний безработный житель Тулькубасского района. Мужчину взяли под стражу и провели досудебное расследование.Собранные материалы уголовного дела направили в суд, который вынес свое решение по данному делу. В апреле 2019 года решением суда подсудимый был признан виновным по статье 120 ч. 3 ч п.3 УК РК ""изнасилование"". Педофила приговорили к 11 годам лишения свободы, а также лишен права занимать педагогическую или иные определенные должности, связанные с работой с несовершеннолетними лицами сроком на 10 лет.В свою очередь, полицейские ДП Туркестанской области напоминают, что каждый родитель не должен забывать о безопасности своего ребенка. Прежде всего, не оставляйте без присмотра несовершеннолетних детей. Если ваши дети в школьном возрасте, они должны регулярно сообщать о том, куда идут и с кем они общается. Взрослые должны запретить детям гулять в опасных местах, а также дружить с подростками, склонными к бродяжничеству и правонарушениям.Кроме того, родители должны обратить внимание на одиноких мужчин, которые беспричинно находятся возле подъездов, во дворе школы или возле детского сада. В случае обнаружения подозрительных лиц, незамедлительно обратиться в полицию. Злоумышленники могут находится и в автомашинах. Поэтому если у взрослых нет возможности встретить ребенка с уроков, кружков и секций, то рекомендуется посоветовать им возвращаться домой вместе с одноклассниками.Дети-наше будущее. Защитим наших детей всем обществом. А, преступники должны понести свое наказание.",8
"Почти 2,1 млн казахстанцев получили единовременную выплату ""42 500 тенге""",2020-07-31 11:33:00,"Прием заявлений будет продолжаться до 1 сентября 2020 года.По состоянию на 9.00 часов 31 июля принято более 2,3 млн уникальных заявлений от граждан на назначение единовременной выплаты из Государственного фонда социально страхования (далее – ГФСС) на случай потери дохода в связи с введением ограничительных мер в июле 2020 года, сообщает zakon.kz.Размер выплаты равен минимальной заработной плате – 42 500 тенге.Выплата назначена 2 млн 114 тыс. человек. Денежные средства перечислены 2 млн 98 тыс. казахстанцев.Заявления на выплату из ГФСС принимаются через несколько каналов. Из более 2,3 млн заявлений:- 833,3 тыс. человек дали согласие на назначение выплаты в проактивном формате;- 591,1 тыс. человек подали заявление через портал Egov.kz и telegram-боты;- 326,4 тыс. человек – через портал 42500.enbek.kz;- 607 тыс. человек – через мобильные приложения и интернет-ресурсы банков второго уровня.В разрезе категорий граждан:- 833,3 тыс. заявлений подано от плательщиков единого совокупного платежа (в проактивном формате);- 194,6 тыс. заявлений подано работодателями за наемных работников;- 1 млн 329,8 тыс. заявлений поступило от других категорий граждан (индивидуальные предприниматели; лица, занимающиеся частной практикой; физические лица, получающие доходы по договорам гражданско-правового характера).Выплата назначена 2 млн 114 тыс. человек. Денежные средства перечислены 2 млн 98 тыс. казахстанцев.Напомним, по поручению Главы государства в связи с введением карантинных мер в июле 2020 года, при условии полной потери дохода работающим казахстанцам будет осуществлена единовременная выплата в размере одной минимальной заработной платы – 42 500 тенге.С 16 июля осуществляется оказание проактивной услуги по назначению единовременной выплаты через отправку sms-сообщений для лиц, являющихся плательщиками ЕСП.С 18 июля плательщики ЕСП также могут подать заявку через порталы Egov.kz и 42500.enbek.kz; telegram-боты; приложение 42500.enbek.kz в мессенджере Aitu; мобильные приложения и интернет-ресурсы банков второго уровня.Гражданам, давшим согласие на проактивное назначение выплаты, подавать заявки через другие каналы не надо, поскольку ответ на sms является автоматической подачей.С 17 июля принимаются заявки от индивидуальных предпринимателей; лиц, занимающихся частной практикой; физических лиц, получающих доходы по договорам гражданско-правового характера.Необходимо подчеркнуть, что за наемных работников, отправленных в отпуска без сохранения заработной платы, заявки подает исключительно работодатель. Прием заявок от работодателей (юридических и физических лиц) идет с 19 июля.Прием заявлений будет продолжаться до 1 сентября 2020 года. ",9
Сагинтаев поздравил алматинцев с праздником Құрбан айт,2020-07-31 11:17:00,"В этот священный праздник, несмотря на изменившиеся внешние условия, наши сердца преисполнены верой и надеждой, отметил он.Аким города Алматы Бакытжан Сагинтаев поздравил мусульман города с праздником Курбан айт, сообщает zakon.kz. Поздравляю мусульман города с праздником Құрбан айт! В этот священный праздник, несмотря на изменившиеся внешние условия, наши сердца преисполнены верой и надеждой, преодолевающими любые испытания. Помогая нуждающимся, мы делаем мир добрее. Құрбан айт қабыл болсын! - написал аким на своей странице в instagram.Поздравляю мусульман города с праздником Құрбан айт! В этот священный праздник, несмотря на изменившиеся внешние условия, наши сердца преисполнены верой и надеждой, преодолевающими любые испытания. Помогая нуждающимся, мы делаем мир добрее. Құрбан айт қабыл болсын! - написал аким на своей странице в instagram.            Посмотреть эту публикацию в Instagram  31.07.2020 Қаланың мұсылмандар қауымын Құрбан айт мерекесімен құттықтаймын! Қазіргідей алмағайып уақытқа қарамастан жүректеріміз кез-келген сынақты еңсеретін сенім мен үмітке толы. Мұқтаж жандарға көмектесу арқылы біз әлемді жақсартамыз. Құрбан айт қабыл болсын! —— Поздравляю мусульман города с праздником Құрбан айт! В этот священный праздник, несмотря на изменившиеся внешние условия, наши сердца преисполнены верой и надеждой, преодолевающими любые испытания. Помогая нуждающимся, мы делаем мир добрее. Құрбан айт қабыл болсын! Публикация от  Бакытжан Сагинтаев (@sagintayev.b) 30 Июл 2020 в 8:38 PDT  31.07.2020 Қаланың мұсылмандар қауымын Құрбан айт мерекесімен құттықтаймын! Қазіргідей алмағайып уақытқа қарамастан жүректеріміз кез-келген сынақты еңсеретін сенім мен үмітке толы. Мұқтаж жандарға көмектесу арқылы біз әлемді жақсартамыз. Құрбан айт қабыл болсын! —— Поздравляю мусульман города с праздником Құрбан айт! В этот священный праздник, несмотря на изменившиеся внешние условия, наши сердца преисполнены верой и надеждой, преодолевающими любые испытания. Помогая нуждающимся, мы делаем мир добрее. Құрбан айт қабыл болсын!Публикация от  Бакытжан Сагинтаев (@sagintayev.b) 30 Июл 2020 в 8:38 PDT",0
Иран согласился выплатить компенсации за сбитый украинский Boeing,2020-07-31 11:01:00,"Переговоры между Украиной и иранской делегацией о компенсации начались в Киеве 30 июля.Тегеран согласен выплатить компенсацию за крушение пассажирского самолета ""Международных авиалиний Украины"", сообщает zakon.kz со ссылкой на РИА Новости. Об этом заявил официальный представитель МИД страны Аббас Мусави.Иран согласился выплатить компенсации за самолет, однако реализация этого вопроса займет время и имеет различные аспекты с технической и правовой точек зрения, - сказал Мусави.Иран согласился выплатить компенсации за самолет, однако реализация этого вопроса займет время и имеет различные аспекты с технической и правовой точек зрения, - сказал Мусави.Между Тегераном и Киевом продолжаются переговоры, Иран несет ответственность за случившееся, добавил представитель МИД.Мусави также напомнил, что ""многие пассажиры"" были гражданами Ирана.Переговоры между Украиной и иранской делегацией о компенсации начались в Киеве 30 июля.Boeing 737-800 ""Международных авиалиний Украины"", вылетевший из аэропорта Тегерана в Киев, потерпел крушение вскоре после взлета рано утром 8 января. Погибли 176 человек: граждане Ирана, Украины, Канады, Великобритании, Германии, Швеции и Афганистана.",0
Казахстанские и китайские вооруженные силы защищают общие ключевые интересы - посол КНР в РК,2020-07-31 10:27:00,"Он также отметил, что обе армии часто обмениваются кадрами, имеют практическое сотрудничество и эффективно, тесно взаимодействуют друг с другом.Чрезвычайный и Полномочный Посол КНР в РК Чжан Сяо в интервью к 93-й годовщине основания Народно-освободительной армии Китая рассказал о сотрудничестве Казахстана и Китая в военной сфере, сообщает zakon.kz.По его словам, с момента установления дипломатических отношений 28 лет назад сотрудничество между вооруженными силами Китая и Казахстана всегда развивается в здоровом и надежном ключе, который отражает комплексность, важность и стратегический характер развития китайско-казахстанских отношений.Обе армии часто обмениваются кадрами, имеют практическое сотрудничество и эффективно, тесно взаимодействуют друг с другом. Обе стороны достигли плодотворных результатов в сотрудничестве в различных областях, таких как военные обмены, соревнования, военная подготовка, культурные обмены и подготовка персонала. Китайские и казахстанские вооруженные силы решительно расправляются с ""тремя силами зла"" и выступают против создания ""цветной революции"" в регионе, защищают общие ключевые интересы двух стран на полную мощь и внесли важный вклад в безопасность, стабильность, процветание и развитие региона, - отметил Чжан Сяо.Обе армии часто обмениваются кадрами, имеют практическое сотрудничество и эффективно, тесно взаимодействуют друг с другом. Обе стороны достигли плодотворных результатов в сотрудничестве в различных областях, таких как военные обмены, соревнования, военная подготовка, культурные обмены и подготовка персонала. Китайские и казахстанские вооруженные силы решительно расправляются с ""тремя силами зла"" и выступают против создания ""цветной революции"" в регионе, защищают общие ключевые интересы двух стран на полную мощь и внесли важный вклад в безопасность, стабильность, процветание и развитие региона, - отметил Чжан Сяо.Он также подчеркнул, что Китай готов работать с Казахстаном, чтобы с полной отдачей реализовать консенсус, достигнутый лидерами двух стран, поддерживать дух дружественного и взаимовыгодного сотрудничества в военной сфере, глубоко раскрывать потенциал, расширить области и постоянно повышать уровень сотрудничества для создания мирной обстановки и хороших условий для совместного построения инициативы ""Один пояс, один путь"" и сопряжения ее с НЭП ""Нұрлы жол"", а также внести большой вклад в создание сообщества единых интересов и судьбы Китая и Казахстана.",31
Положительную динамику в эпидситуации фиксируют в Павлодарской области,2020-07-31 10:00:00,"В области значительно сократилась занятость провизорных коек и снизилось число обращений в стационары и скоруюПоложительную динамику в эпидситуации фиксируют в Павлодарской области, сообщает zakon.kz.Об этом сообщил руководитель областного управления здравоохранения Биржан Досмаилов на брифинге в Региональной службе коммуникаций.Биржан Досмаилов назвал последние данные по эпидемиологической обстановке в регионе. В частности, в области значительно сократилась занятость провизорных коек, снизилось число обращений в стационары и скорую, а количество выписываемых из стационаров превысило число госпитализируемых почти в 1,5 раза.Наблюдается спад обращаемости и госпитализации пациентов в целом. Грядет сокращение коечного фонда. Загруженность провизорных коек в области в настоящее время составляет 36%. Отмечается уменьшение количества вызовов скорой помощи на 52%. В пик было 1 128 вызовов в сутки, сейчас - 500-600. Сейчас больницы уже готовятся к тому, чтобы начать принимать плановых пациентов, - рассказал Биржан Досмаилов.Наблюдается спад обращаемости и госпитализации пациентов в целом. Грядет сокращение коечного фонда. Загруженность провизорных коек в области в настоящее время составляет 36%. Отмечается уменьшение количества вызовов скорой помощи на 52%. В пик было 1 128 вызовов в сутки, сейчас - 500-600. Сейчас больницы уже готовятся к тому, чтобы начать принимать плановых пациентов, - рассказал Биржан Досмаилов.Отметим, что в Павлодар, по договоренности акима области и губернатора Новосибирской области, прибыла делегация врачей из соседнего российского региона. Медики из Новосибирска приехали для обмена опытом и консультаций в подготовке к возможной новой волне коронавируса. Они пообщались с коллегами в провизорных стационарах Павлодара, Экибастуза и Аксу.Российские врачи отмечают высокую компетенцию своих павлодарских коллег и делятся, что состоялся продуктивный профессиональный диалог.Напомним, с 1 июля число провизорных коек в Павлодарской области увеличили в 1,8 раза – с 1 967 до 3 647. В Павлодаре был также открыт триаж-центр, эффективность работы которого отмечают местные специалисты. В регионе также было увеличено количество мобильных бригад с 52 до 155.  В области имеется 148 аппаратов ИВЛ, планируется приобретение еще 64 аппаратов.Кроме того, в Павлодарской области, по поручению главы региона, был создан лекарственный стабилизационный фонд, благодаря которому аптеки городов и районов в настоящее время обеспечены по меньшей мере месячным запасом популярных жаропонижающих, противовирусных препаратов, антибиотиков и антикоагулянтов. ",1
Сотни казахстанцев вновь пострадали от финансовой пирамиды,2020-07-31 09:41:00,"Многие люди продали машины и квартиры.Пострадавшие от очередной финансовой пирамиды казахстанцы подают заявления в полицию, сообщает zakon.kz со ссылкой на Первый канал Евразия.Сотни казахстанцев утверждают, что они стали жертвами финансовой пирамиды. Каждый из них вложил от тысячи до нескольких миллионов тенге.Вначале проценты исправно выплачивали, но потом неожиданно организаторы и посредники перестали выходить на связь.Финансовые агенты очередной пирамиды стараются вовлечь как можно больше новых клиентов. Подход для каждого свой.Зауреш Чулакова уже имеет печальный опыт участия в другой финансовой пирамиде. И все же она поддалась на уговоры своей знакомой.В мае вложила в Incomecash 100 долларов США, через несколько дней получила сумму вдвое больше. Получилось ""заработать"" и во второй раз.А вот когда перевела на счет 500 долларов, компания перестала выходить на связь.Там есть такие заманушки еще, еженедельные розыгрыши, еженедельно есть там тебе какие-то бонусы падают, и ежедневные есть. Я начала заходить, не заходится, и я поняла, что компания закрылась. Я потеряла 200 тысяч. Я думаю, мы вернем эти деньги. Я онлайн заявление напишу, - рассказала Зауреш Чулакова.Там есть такие заманушки еще, еженедельные розыгрыши, еженедельно есть там тебе какие-то бонусы падают, и ежедневные есть. Я начала заходить, не заходится, и я поняла, что компания закрылась. Я потеряла 200 тысяч. Я думаю, мы вернем эти деньги. Я онлайн заявление напишу, - рассказала Зауреш Чулакова.Более 1,5 млн тенге вложил Марат Хаметов. Житель Кокшетау остался без работы, для вклада взял кредит у родственников.В конце они всегда говорили: подписывайся под мою ""ножку"", то есть по финансовой схеме - пирамида. Многие люди рассказывали то, что машины продавали, квартиры продавали, чтобы просто навариться и заново вернуть себе свой дом, многие матери-одиночки, которые копили себе на операцию своих детей-инвалидов, - поделился Марат Хаметов.В конце они всегда говорили: подписывайся под мою ""ножку"", то есть по финансовой схеме - пирамида. Многие люди рассказывали то, что машины продавали, квартиры продавали, чтобы просто навариться и заново вернуть себе свой дом, многие матери-одиночки, которые копили себе на операцию своих детей-инвалидов, - поделился Марат Хаметов.Участники пирамиды нашли друг друга в Сети. География обширная - практически все СНГ.Теперь они все - пострадавшие, подают заявления в полицию.Изначально данная компания вела свою деятельность из России, но нашла единомышленников и среди граждан Казахстана, которые, в свою очередь, привлекали граждан на инвестиции, и на данный момент около 500 человек, это только подтвержденные, но есть и неподтвержденные, - говорит юрист Ербол Султанов.Изначально данная компания вела свою деятельность из России, но нашла единомышленников и среди граждан Казахстана, которые, в свою очередь, привлекали граждан на инвестиции, и на данный момент около 500 человек, это только подтвержденные, но есть и неподтвержденные, - говорит юрист Ербол Султанов.23 июня 2020 года в управление полиции Каратауского района обратилась местная жительница с заявлением о том, что 15 июня с целью получения прибыли она вложила свои денежные средства в размере около 30 тыс тенге в депозитную компанию ""Incomecash"".В тот же день данный факт зарегистрирован в едином реестре досудебных расследований, - сообщил заместитель начальника департамента полиции города Серик Ергешов.В тот же день данный факт зарегистрирован в едином реестре досудебных расследований, - сообщил заместитель начальника департамента полиции города Серик Ергешов.Других подробностей в полиции не сообщили, сослались на тайну следствия. Но, похоже, таких дел будет немало.",22
Ядовитые куклы и машинки продавались в Казахстане,2020-07-31 09:15:00,"Прокуроры изъяли опасных игрушек на 2 миллиона. В Казахстане изъяли и уничтожили свыше 3 тысяч опасных для здоровья игрушек, сообщает zakon.kz со ссылкой на ktk.kz.Их признали опасными не только для здоровья ребенка, но даже для взрослых. При производстве применялись вредные вещества, сообщили в Генпрокуратуре.Стоимость изъятой продукции составила 2 миллиона тенге. Экспертиза показала, что в игрушках в больших объемах содержались ацетон, формальдегид и фенол.Стоимость изъятой продукции составила 2 миллиона тенге. Экспертиза показала, что в игрушках в больших объемах содержались ацетон, формальдегид и фенол.Куклы и машинки уничтожили, а Министерство торговли и интеграции сейчас выясняет, как опасный товар мог попасть на прилавки казахстанских магазинов. В том числе проверяют и организации, которые выдавали сертификаты качества. ",10
Минсельхоз РК изменил правила субсидирования и кредитования животноводов,2020-07-31 09:00:00,"Минсельхоз презентовал ряд значительных мер поддержки животноводства.Целый ряд изменений, положительно влияющих на развитие животноводства в республике, презентован Министерством сельского хозяйства в июле текущего года, сообщает zakon.kz.Первое, на что стоит обратить внимание – изменения и дополнения в Правила развития животноводства, закрепленные приказом министра Сапархана Омарова от 17 июля.В частности, заметные изменения коснулись субсидирования в овцеводстве: увеличены нормативы за ведение селекционной и племенной работы с племенным маточным поголовьем овец с 2,5 до 4 тысяч тенге, с товарным – с 1,5 до 2,5 тысяч тенге.В частности, заметные изменения коснулись субсидирования в овцеводстве: увеличены нормативы за ведение селекционной и племенной работы с племенным маточным поголовьем овец с 2,5 до 4 тысяч тенге, с товарным – с 1,5 до 2,5 тысяч тенге.Также увеличены нормативы на приобретение племенного отечественного (с 8 до 15 тысяч тенге) и импортированного поголовья овец (до 150 тысяч тенге за голову).В целях создания благоприятных условий для фермеров, занятых животноводством, министерством изменена залоговая политика при кредитовании закупа скота, а также оптимизированы сроки рассмотрения заявок на кредитование фермерских хозяйств и откормочных площадок.Теперь скот можно приобретать по коэффициенту ликвидности 1:1. При этом, после получения субсидий фермерами, обеспеченность твердым залогом составит 15%. Остальные 85% будут обеспечиваться приобретаемым скотом.Теперь скот можно приобретать по коэффициенту ликвидности 1:1. При этом, после получения субсидий фермерами, обеспеченность твердым залогом составит 15%. Остальные 85% будут обеспечиваться приобретаемым скотом.Для дополнительной поддержки казахстанских животноводов снижена стоимость диагностических исследований во время карантинирования с 23,5 тысяч до 4271 тенге за корову, и с 28,5 тысяч до 8741 тенге за быка, завезенных из стран Европейского союза.В связи с обращениями акиматов и сельхозтоваропроизводителей Министерством сельского хозяйства РК проведена работа по оптимизации расходов при проведении диагностических исследований на импортный скот во время карантинирования.Поскольку в Европейском союзе эпизоотическая ситуация по особо опасным болезням животных стабильная, было принято решение о сокращении до одного ПЦР-тестирования импортируемых из ЕС животных во время карантинирования на болезнь Шмалленберга.Снижение стоимости исследований позволит значительно снизить нагрузку на сельхозтоваропроизводителей при ввозе импортного скота.Снижение стоимости исследований позволит значительно снизить нагрузку на сельхозтоваропроизводителей при ввозе импортного скота.Стоит отметить, что цены на диагностические исследования при карантинировании импортируемых животных во всех регионах РК одинаковы.Стоимость исследования скота из Канады (по перечню болезней, указанных в ветсертификатах) составит 1978 тенге на 1 корову, если животное не используется в естественной случке, и 3267 тенге на 1 корову, если животное используется в естественной случке. Цена исследования быка – 6448 тенге и 7737 тенге, соответственно.По животным из США: за корову - 2697 тенге, за быка - 7167 тенге.По КРС из Австралии: за корову - 1408 тенге, за быка - 2984 тенге.По КРС из Латинской Америки: за корову - 4120 тенге, за быка - 8590 тенге.Для КРС, ввозимого из государств-членов ЕАЭС (Российской Федерации и Беларуси): за корову - 3183 тенге (не вакцинированную против вирусной диареи и инфекционного ринотрахеита) и 1978 тенге (вакцинированную), за быка - 7653 тенге (не вакцинированного) и 6448 тенге (вакцинированного).В 2020 году в соответствии с Госпрограммой развития АПК запланирован завоз в Казахстан 95 тысяч голов КРС мясного и молочного направления. В 1-м полугодии т.г. профинансирован завоз в страну 22 тысяч голов, уже ввезено в Казахстан порядка 10 тысяч голов.В 2020 году в соответствии с Госпрограммой развития АПК запланирован завоз в Казахстан 95 тысяч голов КРС мясного и молочного направления. В 1-м полугодии т.г. профинансирован завоз в страну 22 тысяч голов, уже ввезено в Казахстан порядка 10 тысяч голов.За счет завоза племенного скота зарубежной селекции на сегодняшний день доля племенного поголовья в стране значительно увеличилась и составила 12% от общего числа поголовья КРС.В последние годы наблюдается рост числа хозяйств-участников программы селекционно-племенной работы с маточным поголовьем КРС с использованием быков-производителей мясного направления. С 2014 года количество таких хозяйств выросло более, чем в 3 раза и превысило 20,5 тысяч. Породным преобразованием охвачено свыше 1,1 млн голов или 33% от всего маточного поголовья КРС.В секторе молочного животноводства в целях импортозамещения реализуются проекты по созданию и расширению сети молочно-товарных ферм.В 2019 году было введено 8 промышленных и 14 семейных ферм мощностью 40 тысяч тонн молока (в предыдущие годы вводилось только по 3 МТФ). Однако пока остается и импорт молочной продукции в объеме 464 тысячи тонн в год. Поэтому в краткосрочной и среднесрочной перспективе стоит задача по ежегодному вводу в эксплуатацию 25 промышленных молочно-товарных ферм.В 2019 году было введено 8 промышленных и 14 семейных ферм мощностью 40 тысяч тонн молока (в предыдущие годы вводилось только по 3 МТФ). Однако пока остается и импорт молочной продукции в объеме 464 тысячи тонн в год. Поэтому в краткосрочной и среднесрочной перспективе стоит задача по ежегодному вводу в эксплуатацию 25 промышленных молочно-товарных ферм.Таким образом, за счет предпринимаемых мер планируется полностью закрыть вопрос импортозамещения за счет увеличения переработанного молока на 500 тысяч тонн за 5 лет.В 1-м полугодии 2020 года в Казахстане введены в эксплуатацию 6 крупных молочно-товарных ферм с общим поголовьем 3810 голов КРС, до конца года планируется запустить еще 16 МТФ.В целях упрощения процедуры прохождения обязательной комплексной вневедомственной экспертизы при строительстве животноводческих проектов (МТФ, свинокомплексы и т.д.) Министерством сельского хозяйства было инициировано предложение по внесению изменений в Правила Министерства индустрии и инфраструктурного развития, определяющие порядок отнесения зданий и сооружений к технически и (или) технологически сложным объектам.Минсельхозом было предложено не относить животноводческие комплексы с поголовьем до 1,5 тысяч голов к технически сложным объектам. Это позволило бы фермерам не проводить госэкспертизу ПСД и ТЭО проектов животноводческих комплексов, которая занимает весьма продолжительное время.Предложение МСХ было поддержано, приказ с соответствующими изменениями утвержден Министерством индустрии и инфраструктурного развития.Таким образом, прохождение обязательной комплексной вневедомственной экспертизы проектов животноводческих комплексов и ферм по производству молока, мясной продукции, откормочных площадок с количеством поголовья скота до 1,5 тысяч (включительно), а также свиноводческих хозяйств с количеством поголовья до 10 тысяч (включительно), больше не требуется.Данная мера позволит ускорить сроки реализации инвестиционных проектов в животноводстве и значительно снизит расходы фермеров.  ",0
Мамин поздравил казахстанских мусульман с праздником Курбан айт,2020-07-31 08:38:00,"В это непростое время значение Курбан айта принимает еще более важный и благородный смысл, отметил он.Премьер-министр РК Аскар Мамин поздравил казахстанских мусульман с праздником Курбан айт, сообщает zakon.kz.Поздравление Аскара Мамина опубликованное на сайте премьер-министра РК:Поздравляю мусульман Казахстана со священным и особо почитаемым в Исламе праздником Курбан айт, который символизирует добро, милосердие и взаимопомощь. Эти ценности объединяют не только мусульман, но и представителей других религий, весь наш народ.В это непростое время значение Курбан айта — почитание Всевышнего и помощь нуждающимся — принимает еще более важный и благородный смысл.Желаю всем казахстанцам крепкого здоровья, мира и благополучия, чтобы благие дела и пожелания воздались Всевышним многократно!",11
"Нигматулин: Курбан айт символизирует ценности, общие для всех казахстанцев",2020-07-31 08:31:00,"Нурлан Нигматулин пожелал всем казахстанцам крепкого здоровья, счастья и благополучия.Председатель Мажилиса Нурлан Нигматулин поздравил казахстанцев с главным праздником мусульман - Курбан айтом, сообщает zakon.kz.         Отметив, что этот священный праздник объединяет всех людей, поскольку несет в себе обращение к вечным ценностям – милосердию, справедливости и ответственности, Нурлан Нигматулин подчеркнул, что Курбан айт знаменует и то, чем всегда дорожат казахстанцы – мир и согласие на родной земле. В этом году из-за пандемии коронавируса изменились условия празднования, но неизменным осталось главное значение праздника – стремление к нравственному совершенству, добрым делам и помощи нуждающимся, - отметил Спикер Мажилиса.В этом году из-за пандемии коронавируса изменились условия празднования, но неизменным осталось главное значение праздника – стремление к нравственному совершенству, добрым делам и помощи нуждающимся, - отметил Спикер Мажилиса.Нурлан Нигматулин пожелал всем казахстанцам крепкого здоровья, счастья и благополучия.Пусть священный Курбан айт наполнит сердца радостью и душевным спокойствием, станет временем нравственного обновления, принесет в каждый дом достаток и успех во всех благих начинаниях, - подчеркнул Председатель Мажилиса.Пусть священный Курбан айт наполнит сердца радостью и душевным спокойствием, станет временем нравственного обновления, принесет в каждый дом достаток и успех во всех благих начинаниях, - подчеркнул Председатель Мажилиса.",5
1702 человека выздоровели от КВИ в Казахстане,2020-07-31 08:17:00,"Всего в стране выздоровели – 59 517 человек от COVID-19.В Казахстане 1702 человек выздоровели от коронавирусной инфекции, сообщает zakon.kz. в городе Нур-Султан - 170,в городе Шымкент - 47,в Акмолинской области - 83,в Атырауской области - 315,в Восточно-Казахстанской области - 272,в Жамбылской области - 342,в Западно-Казахстанской области - 189,в Карагандинской области - 78,в Костанайской области - 80,в Кызылординской области - 11,в Мангистауской области - 11,в Павлодарской области -2,в Северо-Казахстанской области - 46,в Туркестанской области - 56.Всего в стране выздоровели – 59 517 человек от COVID-19.",5
Суть Құрбан айта заключается в укреплении взаимопонимания и единства народа - Токаев,2020-07-31 08:07:00,"Укорененный в нашем самосознании Құрбан айт призывает к миру и согласию, взаимоуважению и единству, подчеркнул Президент.Президент Казахстана Касым-Жомарт Токаев поздравил народ со священным праздником Курбан айт, сообщает zakon.kz.Поздравление Президента Касым-Жомарта Токаева с праздником Курбан айтУважаемые соотечественники!Сердечно поздравляю всех вас со священным праздником Құрбан айт!Этот праздник занимает особое место в жизни мирового мусульманского сообщества. Он является неотъемлемой частью духовной культуры нашего народа, укрепляя неразрывную взаимосвязь ислама с нашими традициями и обычаями.Укорененный в нашем самосознании Құрбан айт призывает к миру и согласию, взаимоуважению и единству. Такие его ценности, как гуманность, нравственность, добропорядочность, созидание, милосердие, открывают путь к истинному добру.В борьбе с опасной эпидемией, от которой сегодня страдает все человечество, нам как никогда необходима нерушимая сплоченность. В такой сложный период очень важно поддерживать друг друга, проявлять высокую ответственность во имя благополучия народа. Если наши устремления будут едины, мы обязательно достигнем искомой цели. Говорю именно об этом, потому что суть Құрбан айт заключается в укреплении взаимопонимания и единства народа.""Терпение – лучшее богатство"", – говорят у нас в народе. Уверен, мы с честью преодолеем все испытания как сильный духом народ.Желаю каждой казахстанской семье благоденствия! Пусть жертвоприношения, сделанные во имя благополучия народа, будут приняты Всевышним! Пусть Құрбан айт принесет всем добро!",15
Еще 1414 новых случаев КВИ зарегистрированы в Казахстане ,2020-07-31 08:01:00,"Всего в стране подтверждено 89 078 случаев.Об эпидемиологической ситуации по коронавирусу на 30 июля 2020 года в Казахстане, сообщает zakon.kz Зарегистрированы 1414 новых случаев заболевания коронавирусной инфекцией, из них:- симптомных носителей - 787,- бессимптомных носителей - 627.Всего в стране подтверждено 89 078 случаев, из них:в городе Алматы - 11662(+218),в городе Нур-Султан -11028(+232),в Атырауской области - 10242(+67),в Карагандинской области - 8513(+101),в ВКО - 6262(+187),в ЗКО - 5713(+74),в городе Шымкент - 4869(+30),в Алматинской области - 4320(+63),в Жамбылской области - 3492(+49),в Павлодарской области - 3125(+73),в СКО - 3038(+61),в Актюбинской области - 3021(+17),в Кызылординской области -2968(+55),в Мангистауской области - 2875(+39),в Туркестанской области - 2750(+29),в Костанайской области - 2615(+66),в Акмолинской области - 2585(+53).",7
Курбан айт приобщает нас к духовным традициям и укрепляет наши нравственные ценности - Назарбаев,2020-07-31 07:51:00,"Он отметил, что символизируя милосердие, гуманизм и созидание этот светлый день наполняет наши сердца любовью к ближним.Нурсултан Назарбаев поздравил казахстанцев со священным праздником Курбан айт, сообщает zakon.kz. Поздравление Елбасы Нурсултана Назарбаева с праздником Курбан айт:Уважаемые соотечественники!Поздравляю вас со священным праздником Курбан айт!Символизируя милосердие, гуманизм и созидание этот светлый день наполняет наши сердца любовью к ближним, побуждает нас к благим поступкам, оказанию помощи нуждающимся.В этот день мы обращаемся к Всевышнему и просим даровать нам мир и спокойствие, силу и крепость духа.Курбан айт приобщает нас к духовным традициям и укрепляет наши нравственные ценности.В нашей стране Курбан айт способствует упрочению единства между людьми различных национальностей и вероисповеданий.В этот священный день желаю всем казахстанцам счастья, крепкого здоровья и процветания!С праздником Курбан айт!",13
"Когда и почему нельзя спать в самолете, рассказал эксперт",2020-07-31 07:32:00,"Сон во время взлета и посадки может быть небезопасным для здоровья.Во время взлета и посадки лучше бодрствовать — это поможет избежать проблем со здоровьем, а вот в остальное время полета можно спокойно поспать, главное, выбрать для этого правильные условия, сообщает zakon.kz Об этом рассказал агентству ""Прайм"" PR-директор компании Biletix, кругосветный путешественник Григорий Луговой.Сон во время взлета и посадки может быть небезопасным для здоровья: в салоне самолета происходит значительное изменение давления, в связи с чем канал, сообщающий полость среднего уха с глоткой – евстахиева труба — в среднем ухе сужается. Если вовремя не сглотнуть слюну или не зевнуть, это может привести к началу кровотечения из носа, головным болям, в самых критических случаях – повреждению барабанной перепонки, — рассказал он.Сон во время взлета и посадки может быть небезопасным для здоровья: в салоне самолета происходит значительное изменение давления, в связи с чем канал, сообщающий полость среднего уха с глоткой – евстахиева труба — в среднем ухе сужается. Если вовремя не сглотнуть слюну или не зевнуть, это может привести к началу кровотечения из носа, головным болям, в самых критических случаях – повреждению барабанной перепонки, — рассказал он.Взлет и посадка являются не только наиболее опасными моментами во время всего полета – хотя тут риски намного меньше, чем во время поездки на автомобиле – но и важными с точки зрения заботы о здоровье.",4
За сутки в мире около 254 тысяч человек заболели COVID-19,2020-07-31 07:13:00,"Количество заражений во всем мире достигло 16 812 755.Число случаев заражения коронавирусом во всем мире превысило 16,8 миллионов, сообщает zakon.kz.Свыше 662 тысячи человек скончались, - следует из данных Всемирной организации здравоохранения (ВОЗ).Свыше 662 тысячи человек скончались, - следует из данных Всемирной организации здравоохранения (ВОЗ).По данным организации, количество заражений во всем мире достигло 16 812 755, скончались 662 095 пациентов с коронавирусом.За последние сутки в мире выявили 253 793 новых случая заражения COVID-19 и 5 999 летальных исходов.",1
В сенате США предложили ежегодно выделять Украине 300 миллионов долларов,2020-07-31 06:40:00,"Сенаторы также предлагают выделять по четыре миллиона долларов в год на подготовку украинских офицеров.Группа сенаторов, представляющих Республиканскую и Демократическую партии США, внесла законопроект, который предусматривает ежегодное выделение Украине 300 миллионов долларов на военную помощь, в том числе на предоставление летального оружия, сообщает zakon.kz со ссылкой на РИА Новости.Кроме того, сенаторы предлагают выделять по четыре миллиона долларов в год на подготовку украинских офицеров.В настоящее время по линии Пентагона на военную помощь Украине ежегодно выделяется примерно 250 миллионов долларов. Сенаторы таким образом хотят закрепить финансовые обязательства со стороны Вашингтона в виде отдельного закона.Кроме того, законопроект призывает госдепартамент создать рабочую группу по Украине с соответствующими европейскими союзниками. ",15
31 июля в РК ожидается облачная погода без существенных осадков,2020-07-31 06:19:00,"Ветер западный, юго-западный, 4-9 м/с, порывы до 14 м/с.В пятницу, 31 июля, в Казахстане ожидается облачная погода с прояснениями, существенных осадков по республике не прогнозируется, сообщает zakon.kz.Ветер западный, юго-западный, 4-9 м/с, порывы до 14 м/с, - говорится на сайте gismeteo.Ветер западный, юго-западный, 4-9 м/с, порывы до 14 м/с, - говорится на сайте gismeteo.В северных и центральных областях ночью прогнозируется +13...+18 °С, днем температура воздуха составит +25...+31 °С.На западе страны температура воздуха ночью составит +17...+23 °С, днем столбики термометров будут варьироваться в пределах +30...+32 °С.В восточной части ночью ожидается до +9...+19 °С, днем температура поднимется до +21...+28 °С.На юге республики ночью прогнозируется +20...+24 °С, днем воздух прогреется до +28...+32 °С.Прогноз погоды в Алматы: днем 25°, облачно.Прогноз погоды в Нур-Султане: днем 26°, преимущественно ясно.Прогноз погоды на 31 июля.",0
В ВКО семью с ребенком спасли из тонущей лодки в Ишиме  ,2020-07-31 06:08:00,"Как выяснилось, при движении на лодке по реке на винт мотора намоталась рыболовная сеть.29 июля семья из трех человек, в том числе 4-летний ребенок, были спасены на реке Ишим в районе “Зайсан”,  сообщает zakon.kz со ссылкой на Polisia.kz.По телефону “112” в оперативно-спасательный отряд поступило сообщение о том, что требуется помощь спасателей. Двое спасателей, руководитель спасательного подразделения Сергей Черкасов и спасатель Марат Бекенбаев, на моторной лодке незамедлительно оказались на месте происшествия.По прибытию на место ЧС они обнаружили резиновую лодку, в которой находились три человека. Пострадавшие были эвакуированы на служебном плавсредстве и успешно доставлены на берег.По прибытию на место ЧС они обнаружили резиновую лодку, в которой находились три человека. Пострадавшие были эвакуированы на служебном плавсредстве и успешно доставлены на берег.Как выяснилось, при движении на лодке по реке Ишим на винт мотора намоталась рыболовная сеть, в результате чего произошел отказ двигателя, и в лодку стала поступать вода. В ходе инцидиента никто не пострадал, медицинская помощь не понадобилась.Если бы не своевременная помощь спасателей, все могло бы закончится иначе. В очередной раз напоминаем – если вы собираетесь выплывать на лодке, первым делом необходимо убедиться в ее исправности. Соблюдайте следующие правила безопасности на плавсредствах:– не катайтесь на лодках в плохую, ветреную погоду, во время грозы;– не перегружайте плавсредство сверх установленной нормы;– наденьте спасательные жилеты;– во время движения лодки нельзя меняться местами и садиться на ее борт;– не допускайте шалости во время движения плавсредства. ",4
Крупнейшие мировые нефтедобытчики сообщают о рекордных убытках,2020-07-31 01:46:00,"Выручка Total упала на 32%, до $69,6 млрд.Британско-голландская нефтегазовая корпорация Royal Dutch Shell по итогам января-июня получила чистый убыток $18,15 млрд по сравнению с прибылью в $8,9 млрд за первое полугодие 2019 года. Об этом говорится в опубликованном биржевом отчете компании, передает zakon.kz.Выручка, включая доходы от совместных предприятий, уменьшилась в 2,8 раза, до $32,491 млрд. Добыча сырья снизилась на 5,6%, до 3,38 млн баррелей в сутки в пересчете на нефтяной эквивалент. В свою очередь, французский нефтегазовый концерн Total сообщил на бирже о чистом убытке $8,33 млрд по сравнению с прибылью $5,87 млрд в январе-июне 2019 года.Выручка Total упала на 32%, до $69,6 млрд. При этом объем добычи нефтегазового сырья вырос на 0,5%, до 2,96 млн баррелей в сутки в нефтяном эквиваленте.",5
Более 10 млн человек на планете излечились от коронавируса,2020-07-31 01:07:00,"Всего количество заразившихся - 17 млн.Число излечившихся после заражения коронавирусом пациентов по всему миру превысило 10 млн, свидетельствуют данные американского университета Джонса Хопкинса, передает zakon.kz.По последним данным, успешно победили инфекцию 10 000 738 пациентов на Земле. Заразились 17 109 335 человек, умер — 668 801.11 марта Всемирная организация здравоохранения (ВОЗ) объявила вспышку нового коронавируса пандемией.",2
"Ученые научились ""стирать"" из памяти неприятные воспоминания",2020-07-31 00:32:00,"Исследователи проводили опыты на ста добровольцах, которым сначала создали болезненное переживание, а потом ""стерли"" неприятное воспоминание о нем.Итальянские нейрофизиологи смогли стереть у добровольцев неприятные воспоминания с помощью трансчерепной магнитной стимуляции мозга. На основе этой технологии ученые рассчитывают в будущем разработать лечение от посттравматического стрессового синдрома и других нарушений психики, передает zakon.kz со ссылкой на научный журнал Current Biology.Опыты показали, что мы можем менять то, как долго хранятся потенциально неприятные и травматические воспоминания. Это очень важно с точки зрения реабилитационной и клинической медицины. Нашу методику можно применять для самых разных целей, начиная с лечения посттравматического стрессового расстройства, чем мы планируем заняться в ближайшее время, - рассказал один из авторов исследования, профессор Болонского университета Джузеппе ди Пеллегрино.Опыты показали, что мы можем менять то, как долго хранятся потенциально неприятные и травматические воспоминания. Это очень важно с точки зрения реабилитационной и клинической медицины. Нашу методику можно применять для самых разных целей, начиная с лечения посттравматического стрессового расстройства, чем мы планируем заняться в ближайшее время, - рассказал один из авторов исследования, профессор Болонского университета Джузеппе ди Пеллегрино.В ходе трансчерепной магнитной стимуляции (ТМС) можно с помощью магнитных сигналов разной частоты бесконтактно повышать или понижать активность разных частей головного мозга. Проникая в мозг, эти сигналы порождают импульсы электричества, которые меняют характер работы нервных клеток в той области, куда направлен прибор.Ученые под руководством Ди Пеллегриновыяснили, как с помощью такого прибора можно удалять уже устоявшиеся неприятные воспоминания. На эту идею их натолкнуло изучение так называемой реконсолидации памяти. Так нейрофизиологи называют процесс, во время которого мозг периодически воспроизводит воспоминания о событиях, хранящихся в долговременной памяти, и укрепляет их.Каждый раз, когда воспроизводится то или иное воспоминание, оно некоторое время находится в состоянии, когда его можно изменить. Мы разработали протокол, который использует такое ""окно изменчивости"" для того, чтобы вмешаться в процесс реконсолидации неприятных воспоминаний, - объяснил коллега ди Пеллегрино, Симоне Батталья.Каждый раз, когда воспроизводится то или иное воспоминание, оно некоторое время находится в состоянии, когда его можно изменить. Мы разработали протокол, который использует такое ""окно изменчивости"" для того, чтобы вмешаться в процесс реконсолидации неприятных воспоминаний, - объяснил коллега ди Пеллегрино, Симоне Батталья.Отмечается, что это стало возможным благодаря тому, что итальянские нейрофизиологи обнаружили, что эта фаза реконсолидации памяти о страхе и неприятных эмоциях протекает в одном из регионов префронтальной коры, до которого можно ""дотянуться"" с помощью ТМС. Руководствуясь этой идеей, нейрофизиологи собрали группу из ста добровольцев и попытались стереть у них неприятное воспоминание, созданное в ходе эксперимента.Исследователи показывали добровольцам набор нейтральных фотографий и при этом периодически наносили им достаточно болезненные удары электрошоком. В результате у участников исследования довольно быстро сформировалась ассоциация между этими снимками и болью от ударов током.Через несколько дней ученые пригласили их пройти повторный эксперимент, пытаясь возродить воспоминания о пережитом электрошоке с помощью тех же фотографий. В это время нейрофизиологи воздействовали на разные регионы их мозга при помощи ТМС, пытаясь ""нащупать"" цепочки нейронов, которые участвовали в консолидации негативных воспоминаний.На следующий день ученые проверили, изменились ли воспоминания добровольцев, еще раз показав им фотографии. Как оказалось, стимуляция определенных регионов префронтальной коры действительно избавила добровольцев от страха и неприятных воспоминаний, несмотря на то, что они не забыли событий прошлого дня. Воздействие на другие участки мозга таких результатов не дало.Успешное завершение этих опытов, как считает ди Пеллегрино, открывает дорогу для использования ТМС в качестве терапии от посттравматического стрессового синдрома и других нарушений психики, из-за которых у человека формируются долговременные или навязчивые негативные воспоминания.",2
Водитель большегруза обманул предпринимателя на 14 млн тенге,2020-07-31 00:11:00,"Возбуждено уголовное дело по статье 190 УК РК “Мошенничество“.В Карагандинской области мошенник уехал на большегрузном автомобиле с прицепом и не выходил на связь, передает zakon.kz.Согласно информации от МВД РК, 29 июля в Центральный отдел полиции УП города Караганды поступило сообщение от предпринимателя Алматинской области. Он просил принять меры в отношении 49-летнего мужчины. Последний на большегрузном автомобиле с прицепом еще 18 июля выехал с товаром в Карагандинскую область.Водитель груз к месту назначения так и не доставил, а сам перестал выходить на связь. Предприниматель стал подозревать, что стал жертвой мошеннических действий. Сумма ущерба составила около 14 миллионов тенге.Сотрудники следственно-оперативной группы нашли водителя и товар. Возбуждено уголовное дело по статье 190 УК РК “Мошенничество“. Ведется расследование.",3
Наступил священный праздник Курбан айт,2020-07-31 00:00:00,"В этом году он проходит в условиях пандемии.Наступил священный праздник Ид-аль-Адха или, как его еще называют, Курбан айт. В этом году он выпал на 31 июля. Празднование будет длится также 1-2 августа, но, в связи с пандемией коронавируса, предусмотрены ограничительные меры, сообщает zakon.kz.Дата проведения Курбан айта каждый год разная, это зависит от лунного календаря, по которому живет мусульманский мир. Другими словами, его начинают праздновать после завершения главного кульминационного обряда, хаджа – стояния в долине Арафат 10-го числа месяца Зуль-хиджа. В этом году он пришелся на 30 июля.Слово ""курбан"" означает ""приближение"", в данном случае имеется в виду к высокому, духовному. Поэтому Ид-аль-Адха - особо почитаемый праздник всех мусульман, это день особой блaгoдapности Всевышнему и пoĸлoнeния, жepтвoпpинoшeния, благотворительности, бpaтcтвa, дружбы, мира и согласия. Это особый праздник, который сплачивает людей, насыщает голодных, облагодетельствует нуждающихся и удостаивает мусульман больших воздаяний за их добрые дела и намерения.Слово ""курбан"" означает ""приближение"", в данном случае имеется в виду к высокому, духовному. Поэтому Ид-аль-Адха - особо почитаемый праздник всех мусульман, это день особой блaгoдapности Всевышнему и пoĸлoнeния, жepтвoпpинoшeния, благотворительности, бpaтcтвa, дружбы, мира и согласия. Это особый праздник, который сплачивает людей, насыщает голодных, облагодетельствует нуждающихся и удостаивает мусульман больших воздаяний за их добрые дела и намерения.Главным в этом священном празднике является такое благое дело как жертвоприношение. Жертвоприношение символизирует поклонение Единому Богу, это многовековая религиозная традиция, основанная на значимых событиях в жизни пророка Ибрахима (библейский Авраам).Согласно Корану, Ибрахим увидел во сне повеление от Всевышнего Аллаха – принести в жертву единственного сына Исмаила. Повинуясь приказу, он отправился в долину Мина, к тому месту, где ныне стоит Мекка, и начал приготовления. Его сын, знавший об этом, не сопротивлялся, так как был послушен отцу и Аллаху. Однако это оказалось испытанием от Аллаха и, когда Ибрахим уже был готов принести жертву, Аллах сделал так, что это не произошло и ангел Джабраил (Гавриил) дал пророку Ибрахиму в качестве замены барана. Тем самым Всевышний показал: чтобы стать ближе к Богу, людская жертва не требуется. С тех пор обряд жертвоприношения стал традиционным, он имеет глубокий гуманистический смысл.Согласно Корану, Ибрахим увидел во сне повеление от Всевышнего Аллаха – принести в жертву единственного сына Исмаила. Повинуясь приказу, он отправился в долину Мина, к тому месту, где ныне стоит Мекка, и начал приготовления. Его сын, знавший об этом, не сопротивлялся, так как был послушен отцу и Аллаху. Однако это оказалось испытанием от Аллаха и, когда Ибрахим уже был готов принести жертву, Аллах сделал так, что это не произошло и ангел Джабраил (Гавриил) дал пророку Ибрахиму в качестве замены барана. Тем самым Всевышний показал: чтобы стать ближе к Богу, людская жертва не требуется. С тех пор обряд жертвоприношения стал традиционным, он имеет глубокий гуманистический смысл.Жертвоприношение должен сделать каждый мусульманин, у которого есть возможность (исключение делается только для путника). При этом он должен быть дееспособным, совершеннолетним, свободным, обладающим минимальным достатком (имуществом), с которого необходимо выплачивать закят. В исламе это равняется 85 граммам золота. Но это не означает, что если у человека нет такого достатка, то он может не совершать жертвоприношение. При возможности надо совершать и получить за это вознаграждение от Аллаха. Также верующие могут объединиться и приобрести животное для жертвоприношения в складчину. Однако складываться можно только для покупки верблюда или коровы. Но если у человека и на это не имеется средств, то можно не совершать жертвоприношение, это можно восполнить добрыми, богоугодными делами, поступками и намерениями.Жертвоприношение, как и все обряды поклонения, нужно совершать искренне, ради Аллаха. Нельзя это делать ради славы, похвалы, показухи, или просто для того, чтобы поддержать эту традицию. В Священном Коране сказано: ""Ни мясо, ни кровь их не доходят до Аллаха. До Него доходит лишь ваша богобоязненность. Так Он подчинил их вам, чтобы вы возвеличивали Аллаха за то, что Он наставил вас на прямой путь. Обрадуй же благой вестью творящих добро"" (Сура Хадж, 37аят).То есть смысл обряда жертвоприношения не в самом заклании животного, а в проявлении богобоязненности, акта поклонения, помощи нуждающимся и в надежде получить награду и довольство Аллаха. Жертвоприношение, совершенное ради довольства Аллаха, укрепляет веру, пробуждает души, наполняет сердца добром, прощением, благодарностью, любовью.То есть смысл обряда жертвоприношения не в самом заклании животного, а в проявлении богобоязненности, акта поклонения, помощи нуждающимся и в надежде получить награду и довольство Аллаха. Жертвоприношение, совершенное ради довольства Аллаха, укрепляет веру, пробуждает души, наполняет сердца добром, прощением, благодарностью, любовью.Мясо жертвенного животного делят на три части. Одну часть раздают бедным, сиротам, малоимущим, вторую можно использовать в качестве угощения для гостей, а третью оставляют себе.По традиции люди в день Курбан айта рано встают, приводят себя в порядок, надевают чистую нарядную одежду, мужчины используют благовония и идут в мечеть, где после восхода солнца начинается праздничная молитва - айт-намаз. После айт-намаза совершается жертвоприношение в специально установленных для этого местах.Мусульмане выражают друг другу самые теплые пожелания, ходят в гости, сами принимают гостей, накрывают щедрый дастархан, дарят друг другу подарки и так далее.Но в этом году из-за пандемии коронавируса празднование священного праздника Курбан-айт кардинально изменилось, правительством установлены ограничительные меры. В частности, запрещено проведение массовых мероприятий со скоплением людей во всех организациях независимо от форм собственности, а также в частных домах и мечетях. Также запрещены организация и проведение забоя и реализация скота. Жертвоприношение будет проходить в режиме онлайн с подачей заявок на сайт, созданный специально для этих целей.Но в этом году из-за пандемии коронавируса празднование священного праздника Курбан-айт кардинально изменилось, правительством установлены ограничительные меры. В частности, запрещено проведение массовых мероприятий со скоплением людей во всех организациях независимо от форм собственности, а также в частных домах и мечетях. Также запрещены организация и проведение забоя и реализация скота. Жертвоприношение будет проходить в режиме онлайн с подачей заявок на сайт, созданный специально для этих целей.Напоминаем, из-за карантина, установленного в эти дни по всему Казахстану, мечети не работают, так же, как и многие учреждения, организации, предприятия. Поэтому праздничный айт намаз казахстанцы будут делать в домашних условиях. Они могут у себя приготовить праздничный дастархан, позвонить родственникам, соседям, друзьям и поздравить с праздником, пожелать всем мира и добра, процветания и благополучия.Поздравляя друг друга, нужно сказать следующие слова: ""Такаббалла Аллах Минна уа Минкум"" (Пусть Аллах примет это от нас и от вас). В хадисе, переданном Джабиром бин Нафиром, сказано: ""При встрече в праздник Ид сподвижники Посланника Аллаха (да благословит его Аллах и да приветствует) говорили друг другу: ""Пусть примет Аллах от нас и от вас"""".С праздником, дорогие казахстанцы! Мира вам, добра и благоденствия!",2
